<?xml version="1.0" encoding="UTF-8" ?>
<LightningMessageChannel>
    <masterLabel>CartChannel</masterLabel>
    <isExposed>true</isExposed>

    <description>This is a channel which is used by LWC component to send data</description>
        <!-- Am creating two fields that will be eventually 
        used to send data -->
    <lightningMessageFields>
        <description>This is the Id of the record</description>
        <fieldName>menuSelected</fieldName>
    </lightningMessageFields>
</LightningMessageChannel>